{"cameraMode":{"drawMode":0,"name":"Shaded","section":"Shading Mode"},"sceneLighting":false,"audioPlay":false,"sceneViewState":{"m_AlwaysRefresh":false,"showFog":true,"showSkybox":false,"showFlares":true,"showImageEffects":true,"showParticleSystems":true,"showVisualEffectGraphs":true,"m_FxEnabled":true},"in2DMode":false,"pivot":{"x":-0.4471818208694458,"y":-0.10709953308105469,"z":0.5584211945533752},"rotation":{"x":-0.21168231964111329,"y":0.6790291666984558,"z":-0.21475204825401307,"w":-0.6693221926689148},"size":0.6866027116775513,"orthographic":false}